id|codeserc|tipologia|nome|indirizzo|cap|citta|provincia|stelle|email|url|lt|lg|telefono
7786|050025AAT0017|Agriturismi|I MORICCI|Via di Ripassaia, 10 - - Fabbrica|56037|Peccioli|PI|2|imoricci@tiscali.it|www.imoricci.it|41|13|0587 697446
1046|053010ALB0002|Alberghi - Hotel|DA AUGUSTO|Via Marconi, 101 - - BAGNO DI GAVORRANO|58021|Gavorrano|GR|1|albergo.augusto@tiscali.it|www.albergoaugusto.it|42938|10.88813|0566 844373
8959|048002CAV0006|Case per Vacanze|LA VALLE DEI MEDICI|Via San Gavino, 57/a|0|Barberino di Mugello|FI|0|info@lavalledemedici.it| www.lavalledemedici.it|44219|11151|558423053
6455|050017ALB0001|Alberghi - Hotel|DANY|Via Gioacchino Rossini, 4 - Quattro Strade - Perignano|56035|Lari|PI|3|ristorantelidomasi@gmail.com||37.404254199999996899350662715733051300048828125|13.618517900000000508953235112130641937255859375|0587 616020
244|049020AFR0007|Affittacamere|B & B BELVEDERE DI SUVERETO|PIAZZA SAN TOMMASO, 33-35 - BELVEDERE|57028|Suvereto|LI|0|info@belvederedisuvereto.it|www.belvederedisuvereto.it|39.18412250000000085492501966655254364013671875|16.881544600000001565831553307361900806427001953125|0565 827061
770|049018STB0004|Stabilimenti Balneari|BAGNO NETTUNO|VIA ANDREA COSTA, 3|57027|San Vincenzo|LI|0|bagno.nettuno@libero.it||39.33097120000000046502464101649820804595947265625|16.181266199999999599867805955000221729278564453125|0565 701095
13047|046033STB0089|Stabilimenti Balneari|PRINCIPE AZZURRO|Via della Repubblica, 4 - Citta Giardino - |55049|Viareggio|LU|0|info@bagnoprincipeazzurro.it|www.bagnoprincipeazzurro.it|41.95226029999999894926077104173600673675537109375|12.729530600000000362115315510891377925872802734375|0584 50021
18151|053012AFR0012|Affittacamere|LA ROSADA B&B|Via Dell'Asilo, 42 - - GIGLIO PORTO|58012|Isola del Giglio|GR|0|faber51@hotmail.it|bedandbreakfastlarosada.it|42.3578692|10.921581|0564 809079
1086|053012ALB0011|Alberghi - Hotel|DA RUGGERO|Via del Saraceno, 90 - - GIGLIO PORTO|58013|Isola del Giglio|GR|2|info@daruggero.com|www.isoladelgiglio.biz|42.358505|10.923202|0564 809121
1085|053012ALB0010|Alberghi - Hotel|BAHAMAS|Via Cardinale Oreglia, 22 - - GIGLIO PORTO|58013|Isola del Giglio|GR|2|info@bahamashotel.it|www.hotelbahamas.net|42.3587662|10.9206311|0564 809254
1084|053012ALB0009|Alberghi - Hotel|SARACENO|Via del Saraceno, 69 - - GIGLIO PORTO|58012|Isola del Giglio|GR|3|h.saraceno@tiscali.it|www.saracenohotel.it|42.359111|10.922894|0564 809006
1082|053012ALB0007|Alberghi - Hotel|CASTELLO MONTICELLO|S.P. 74 - MONTICELLO - GIGLIO PORTO|58012|Isola del Giglio|GR|3|info@hotelcastellomonticello.com|www.hotelcastellomonticello.com|42.3591507|10.9170888|0564 809252
1083|053012ALB0008|Alberghi - Hotel|DEMO'S HOTEL|Via Thaon De Revel, 45 - - GIGLIO PORTO|58012|Isola del Giglio|GR|3|info@hoteldemos.com|www.hoteldemos.com|42.3600875|10.9195803|0564 809235
1087|053012ALB0012|Alberghi - Hotel|LA PERGOLA|Via Thaon De Revel, 30 - - GIGLIO PORTO|58012|Isola del Giglio|GR|2|||42.360522|10.919139|0564 809051
1077|053012ALB0001|Alberghi - Hotel|CAMPESE|Via della Costa, 1 - CAMPESE|58012|Isola del Giglio|GR|3|welcome@hotelcampese.com|www.hotelcampese.com|42.3633576|10.876466|0564 804003
2852|053012CAV0003|Case per Vacanze|VILLA DELFI|Via Cotton dei Nobil, 15 - - CAMPESE|58012|Isola del Giglio|GR|0|info@villadelfi.com|www.villadelfi.com|42.3633576|10.876466|320 9011218
1356|053012AFR0005|Affittacamere|B&B AIRONE DI LANDINI MARIO|Contrada Santa Maria, 12/1 - - CASTELLO|58012|Isola del Giglio|GR|0|camere.airone@tiscali.it|www.isoladelgiglio.org|42.3638883|10.9012211|0564 806076
3081|053012STB0001|Stabilimenti Balneari|LO SCOGLIO|Via di Mezzo Franco - - CAMPESE|58012|Isola del Giglio|GR|0|||42.3645648|10.8791343|0564 804213
14454|053012AFR0010|Affittacamere|LE POSTE DI SIMPLICIO|Via di Mezzo Franco, 12 - - CAMPESE|58012|Isola del Giglio|GR|0|lepostedisimplicio@libero.it||42.3647793|10.878923|346 0924775
1078|053012ALB0003|Alberghi - Hotel|DA GIOVANNI|Via di Mezzo Franco, 10 - - CAMPESE|58012|Isola del Giglio|GR|2|albergodagiovanni@libero.it|www.albegodagiovanni.it|42.3647793|10.878923|0564 804010
1353|053012AFR0001|Affittacamere|LANDINI ANGELO  DI MODESTI GIUSEPPA|Piazza Gloriosa, 16 - - CASTELLO|58012|Isola del Giglio|GR|0||www.emmeti.it/welcome/toscana/isole/giglio/castello/servizi/landini|42.3655263|10.9017297|0564 806074
1596|053012ALL0001|Alloggi Privati|DUBBLO MARIA LIDIA|Via Allume, 1 - CAMPESE|58050|Isola del Giglio|GR|0|||42.365847|10.88135|
1079|053012ALB0004|Alberghi - Hotel|GIARDINO DELLE PALME|Via della Torre, 3 - CAMPESE|58012|Isola del Giglio|GR|1|info@giardinolepalme.it|www.giardinolepalme.it|42.36760689999999840438249520957469940185546875|10.8821157999999993393203112646006047725677490234375|0564 804037 - 349 7864709
1360|053012AFR0009|Affittacamere|LANDINI ELEONORA - LANDINI PRIMO|Provinciale 28 - GIGLIO CAMPESE|58012|Isola del Giglio|GR|0|||42.367929|10.882108|0564 804135
1080|053012ALB0005|Alberghi - Hotel|LA LAMPARA|Provinciale 66 - CAMPESE|58012|Isola del Giglio|GR|2|albergo.lampara@libero.it|www.lalampara.info|42.367929|10.882108|0564 804022
1089|053012ALB0014|Alberghi - Hotel|IL PORTICCIOLO|Via della Torre, 3 - - CAMPESE|58012|Isola del Giglio|GR|2|albergoilporticciolo@virgilio.it|www.albergoilporticciolo.it|42.367929|10.882108|0564 804221
959|053003ALB0003|Alberghi - Hotel|I BRIGANTI DI CAPALBIO.IT|CHIARONE SCALO, 5 - CHIARONE SCALO|58011|Capalbio|GR|3|info@ibrigantidicapalbio.it|www.ibrigantidicapalbio.it|42.3866579999999970596036291681230068206787109375|11.4419869999999992415951055590994656085968017578125|0564 890341 - 320 1142442
2952|053003RES0001|Residence|I BRIGANTI DI CAPALBIO|CHIARONE SCALO, 5 - CHIARONE SCALO|58011|Capalbio|GR|3|info@ibrigantidicapalbio.it|www.ibrigantidicapalbio.it|42.3866579999999970596036291681230068206787109375|11.4419869999999992415951055590994656085968017578125|0564 642026
1144|053016ALB0013|Alberghi - Hotel|DON PEDRO|Via Panoramica, 7 - - PORTO ERCOLE|58018|Monte Argentario|GR|3|info@hoteldonpedro.it|www.hoteldonpedro.it|42.3899093|11.2089955|0564 833914
18654|053016ALL0040|Alloggi Privati|BISTAZZONI ALBERTO|Via Dei Tre Forti, 3 - - PORTO ERCOLE|58018|Monte Argentario|GR|0|info@portoercole.org||42.392598|11.201592|0564 835347 - 335 8156253
1145|053016ALB0014|Alberghi - Hotel|BI HOTEL|Via Lungomare Andrea Doria, 23 - - PORTO ERCOLE|58018|Monte Argentario|GR|3|info@bi-hotel.it|www.bi-hotel.it|42.3941509|11.2035063|0564 833055
18009|053016ALB0017|Alberghi - Hotel|A POINT PORTO ERCOLE RESORT & SPA|Via Caravaggio ang. Via Tramontana - - PORTO ERCOLE|58018|Monte Argentario|GR|5|reservation@apointportoercole.com|www.apointhotelsresorts.com|42.3941509|11.2035063|0564 833636
19362|053016AAT0003|Agriturismi|IL MOLINO|Via dei Molini, 95 - - PORTO ERCOLE|58019|Monte Argentario|GR|1|||42.3946844|11.1937455|333 2654929
18653|053016ALL0039|Alloggi Privati|IL CALETTO|Via Dei Molini, 9|58019|Monte Argentario|GR|0|ilcaletto@yahoo.it||42.3946844|11.1937455|347 5241564
1427|053016AFR0002|Affittacamere|VILLA AZZURRA - CAMERE|Via Caravaggio, 93 - - PORTO ERCOLE|58018|Monte Argentario|GR|0|||42.3947379|11.203481|0564 833037
2740|053016CAM0001|Campeggi|FENIGLIA|Strada Feniglia - FENIGLIA - PORTO ERCOLE|58018|Monte Argentario|GR|1|campingfeniglia@virgilio.it|www.campingfeniglia.it|42.39506990000000286045178654603660106658935546875|11.2035924999999991769072948954999446868896484375|0564 831090 - 392 9640592
14139|053016ALL0034|Alloggi Privati|RISPOLI SILVANA|Via Ponente, 16 - - PORTO ERCOLE|58018|Monte Argentario|GR|0|bebabeb4@g.mail.com|bandbbeba.wordpress.com|42.4006799|11.1983516|0564 830095
1157|053018ALB0009|Alberghi - Hotel|VINICIO|Via delle Mimose, 154 - - ANSEDONIA|58015|Orbetello|GR|2|vinicio@ouverture.it|www.vinicio.it|42.4071805|11.287759|0564 881220
3101|053018STB0012|Stabilimenti Balneari|LA CAPANNUCCIA|ANSEDONIA|58016|Orbetello|GR|0|||42.40721|11.28857|0564 881314
1260|053016RTA0001|Residenze Turistico Alb.|HOTEL TORRE DI CALA PICCOLA|CALA PICCOLA - PORTO SANTO STEFANO|58019|Monte Argentario|GR|4|info@torredicalapiccola.com|www.torredicalapiccola.com|42.4085021451845|11.092414855957031|0564 825111
3086|053016STB0005|Stabilimenti Balneari|MAMMA LICIA|FENIGLIA - PORTO ERCOLE|58018|Monte Argentario|GR|0|freccianera59@tiscal.it|www.mammalicia.it|42.4090308|11.2089621|0564 834187
3089|053016STB0008|Stabilimenti Balneari|IL TRIDENTE|FENIGLIA - PORTO ERCOLE|58018|Monte Argentario|GR|0|||42.4090308|11.2089621|0564 834141
963|053003ALB0007|Alberghi - Hotel|DEL LAGO|Via Umbria, 22 - CAPALBIO SCALO|58010|Capalbio|GR|2|info@albergodellago.it|www.albergodellago.it|42.4090466|11.3715199|0564 899039
18775|053003ALL0026|Alloggi Privati|MAGGIULLI DANIELE|Via Origlio, 82|58011|Capalbio|GR|0|||42.4099812|11.3740143|0564 898497
2971|053003STB0003|Stabilimenti Balneari|MACCHIATONDA|MACCHIATONDA - CAPALBIO SCALO|58010|Capalbio|GR|0|||42.4114596|11.3638298|0564 898777
14146|053003AAT0034|Agriturismi|IL PADULE|STRADA LITORANEA, 71|58011|Capalbio|GR|1|||42.4137134|11.322116|333 2182278
1135|053016ALB0004|Alberghi - Hotel|VILLA DOMIZIA|S.P. Le 161, 40 - - SANTA LIBERATA|58020|Monte Argentario|GR|4|info@villadomizia.it|www.villadomizia.com|42.4142789|11.1588423|0564 812735
1137|053016ALB0006|Alberghi - Hotel|BELVEDERE|S.P. 161, 2 - - PORTO S STEFANO|58019|Monte Argentario|GR|3|belvedere@vivigrosseto.it|www.belvedereargentario.it|42.4142789|11.1588423|0564 812634
1146|053016ALB0015|Alberghi - Hotel|LA CONCHIGLIA|Via della Marina, 4 - - PORTO ERCOLE|58018|Monte Argentario|GR|2|info@albergolaconchiglia.it|www.albergolaconchiglia.it|42.4142789|11.1588423|0564 833134
1638|053016ALL0020|Alloggi Privati|BAUSANI MARIA PAOLA|IL COCOMERO|58019|Monte Argentario|GR|0|||42.4142789|11.1588423|0564 814040
1646|053016ALL0028|Alloggi Privati|NAVARRO MOISE|Via della Forconata - POZZARELLO|58019|Monte Argentario|GR|0|||42.4142789|11.1588423|
18859|053016ALL0042|Alloggi Privati|ANASTASIA LUCIA|SPACCAMONTAGNE / LA MARCHESA, SNC|58019|Monte Argentario|GR|0|antares432000@yahoo.it||42.4142789|11.1588423|335 446360
18860|053016ALL0043|Alloggi Privati|POGANY ISABEL|LE SCORPACCIATE, SNC|58019|Monte Argentario|GR|0|isabelpogany@hotmail.com||42.4142789|11.1588423|334 2830817
1261|053016RTA0002|Residenze Turistico Alb.|GIRASOLE|Via Poggio Calvello - PORTO S.STEFANO - PORTO SANTO STEFANO|58019|Monte Argentario|GR|3|||42.4142789|11.1588423|0564 812647
960|053003ALB0004|Alberghi - Hotel|LA TORRICELLA|Via Aurelia Km.125 - CASAL BRIZZI - BORGO CARIGE|58010|Capalbio|GR|2|daetrusco@fionline.it|www.daetrusco.com|42.414649077488|11.445693969726562|0564 890083 - 328 7157222
1147|053016ALB0016|Alberghi - Hotel|ARGENTARIO GOLF RESORT & SPA|Via Acquedotto Leopoldino snc - LE PIANE - PORTO ERCOLE|58018|Monte Argentario|GR|5|info@argentariogolfresortspa.it|www.argentariogolfresortspa.it|42.4166134339791|11.185111999511719|0564 1828400
961|053003ALB0005|Alberghi - Hotel|AGRIALBERGO CAPALBIO|Strada Della Sugherella, 3|58011|Capalbio|GR|1|info@agrialbergo.it|www.agrialbergo.it|42.4195|11.386753|0564 898763
17026|053003ALL0025|Alloggi Privati|CENSINI GINO|Strada Della Sugherella, 3/A|58011|Capalbio|GR|0|agrialbergo@gmail.com||42.4195|11.386753|0564 898763
1805|053003AAT0029|Agriturismi|IL MANDRIOLO|Strada del Trentatre, 1 - - BORGO CARIGE|58011|Capalbio|GR|1|felice.signorino@ilmandriolo.org|www.ilmandriolo.org|42.420304|11.4244202|0564 890210 - 338 8094743
1787|053003AAT0011|Agriturismi|LA GRANDE QUERCIA|Strada Aurelia Capalbio, 12 - - BORGO CARIGE|58010|Capalbio|GR|2|||42.42083|11.413567|0564 890397
1790|053003AAT0014|Agriturismi|IL SICOMORO|Strada Madonna Nicola, 8 - BORGO CARIGE|58010|Capalbio|GR|2|info@sicomoro.net|www.sicomoro.net|42.4217648|11.4320053|0564 890194 - 328 8258937
2761|053003VIT0001|Villaggi Turistici|VILLAGGIO CAPALBIO|Strada Pedemontana|58011|Capalbio|GR|3|info@villaggiocapalbio.it|www.villaggiocapalbio.it|42.4224849|11.41958|0564 899017
3093|053018STB0004|Stabilimenti Balneari|LA ZONCA|FENIGLIA|58015|Orbetello|GR|0|||42.423678|11.259098|0564 833558
3095|053018STB0006|Stabilimenti Balneari|BRACCIO|FENIGLIA|58015|Orbetello|GR|0|noenavoni@alice.it||42.423678|11.259098|347 3311284
1803|053003AAT0027|Agriturismi|IL BOSSO|Via Pedemontana, 14 - - BORGO CARIGE|58011|Capalbio|GR|0|sanpelag@inwind.it|www.capalbio.it/ilbosso|42.4239229|11.4240126|0564 890191 - 38 9320536
1799|053003AAT0023|Agriturismi|PODERE 571|Strada Aurelia-Capalbio, 4 - BORGO CARIGE|58010|Capalbio|GR|2|agriturismopodere571@virgilio.it||42.42426200000001|11.415638|0564 890358 - 347 3894674
958|053003ALB0002|Alberghi - Hotel|MIMOSA|Via Torino, 34 - - BORGO CARIGE|58011|Capalbio|GR|2|albergo.mimosa@tiscali.it|www.capalbio.it/mimosa|42.4244559|11.4190221|0564 890220
2716|053003CAM0003|Campeggi|COSTA D'ARGENTO|Via S.S.Aurelia Km.134 - MONTEALZATO - BORGO CARIGE|58010|Capalbio|GR|3|info@costadargento.it|www.costadargento.it|42.424961400000000821819412522017955780029296875|11.417974799999999646615833626128733158111572265625|0564 893007
1429|053016AFR0004|Affittacamere|RELAIS COUNTRY LA MORTELLA B&B|Via Acquedotto Leopoldino, 54|58019|Monte Argentario|GR|0|info@relaislamortella.it|www.relaislamortella.it|42.4264794|11.1965879|0564 813004
2434|053016AAT0002|Agriturismi|MONTE ARGENTARIO|LE PIANE|58019|Monte Argentario|GR|1|info@agriturismomonteargentario.it|www.agriturismomonteargentario.it|42.4305751|11.183199|0564 810641 - 392 8589879
18615|053016CAV0001|Case per Vacanze|VILLA LA VUELTA|LE PIANE - PORTO S. STEFANO|58019|Monte Argentario|GR|0|info@argentariopoloclub.com|www.argentariopoloclub.com|42.4305751|11.183199|331 7910101
7204|050039AFR0033|Affittacamere|LE GINEPRAIE|Podere Le Ginepraie - Localit√† Pignano|56048|Volterra|PI|0|info@leginepraie.com|www.leginepraie.com|42.43156587257916|11.832275390625|0588 35113
1263|053016RTA0004|Residenze Turistico Alb.|LE POSTE DEL PIANONE|Via Strada del Pianone, 30 - - PORTO S. STEFANO|58019|Monte Argentario|GR|3|reception@pianone.it|www.pianone.it|42.4322724|11.1521597|0564 812219
1264|053016RTA0005|Residenze Turistico Alb.|LE POSTE DEL PIANONE - DIP|Strada del Pianone, 30 - - PORTO S. STEFANO|58019|Monte Argentario|GR|2|reception@pianone.it|www.pianone.it|42.4322724|11.1521597|0564 812219
1716|053018AST0001|Aree di sosta|LANINI|S.P. della Giannella - SANTA LIBERATA|58015|Orbetello|GR|0|||42.4331494|11.1577921|360709528 0564 820102
1627|053016ALL0009|Alloggi Privati|ORSINI VINICIO|Via Roma, 55 - PORTO SANTO STEFANO|58019|Monte Argentario|GR|0|||42.4336188|11.1225429|0564 817773
1628|053016ALL0010|Alloggi Privati|ORSINI ALDO|Via Roma, 55 - PORTO SANTO STEFANO|58019|Monte Argentario|GR|0|||42.4336188|11.1225429|0564 817564
1139|053016ALB0008|Alberghi - Hotel|BAIA D'ARGENTO|S.P. Le 161 - POZZARELLO - PORTO S. STEFANO|58019|Monte Argentario|GR|4|baiadargento@baiadargento.com|www.baiadargento.com|42.434195|11.138141|0564 812643
1162|053018ALB0015|Alberghi - Hotel|LIDO DI GIANNELLA|S.P. Le di Giannella, 215 - GIANNELLA|58015|Orbetello|GR|3|info@toscanazzurra.it|www.toscanazzurra.it|42.4346149|11.1629866|0564 821034 - 0564 821078
1630|053016ALL0012|Alloggi Privati|CALVETTI ALESSANDRA|Via Poggio del Golfo, 10|58019|Monte Argentario|GR|0|a.calvetti@libero.it||42.434926799999999502688297070562839508056640625|11.1486467999999998568227965733967721462249755859375|056481432 328 1661200
1663|053018ALL0012|Alloggi Privati|GAUTHIER FRANCOISE -"VILLA MARIEL"|S.P. della Giannella, 170|58015|Orbetello|GR|0|||42.4350649|11.1636474|
18554|053016ALL0037|Alloggi Privati|B&B LA CASA DI MARE|Via Cuniberti, 32 - - PORTO S. STEFANO|58019|Monte Argentario|GR|0|lacasadimare@gmail.com|bblacasadimare.webr.ly/|42.4350903|11.1203413|0564 812001
1647|053016ALL0029|Alloggi Privati|SCIALLA NICOLA|Via dell'Appetito, 106|58019|Monte Argentario|GR|0|||42.435195|11.1179469|0564 810097
1140|053016ALB0009|Alberghi - Hotel|ALFIERO|Via Cuniberti, 12/14 - - PORTO S.STEFANO|58019|Monte Argentario|GR|2|info@hotelalfiero.com|www.hotelalfiero.com|42.43563630000001|11.1205048|0564 814067
1164|053018ALB0017|Alberghi - Hotel|VILLA SMERALDO|S.P. Le di Giannella, 64/A - GIANNELLA|58015|Orbetello|GR|3|info@villasmeraldo.com|www.villasmeraldo.com|42.43631999999999|11.165492|0564 820072
18992|053018CAV0014|Case per Vacanze|GIANNELLA|Stada Prov.le di Giannella, 158 - GIANNELLA|58015|Orbetello|GR|0|info@toscanazzurra.it|www.toscanazzurra.it|42.4364861|11.1681063|0564 820005
3100|053018STB0011|Stabilimenti Balneari|IL TRAMONTO|S.P. di Giannella Km. 3 - GIANNELLA|58015|Orbetello|GR|0|info@iltramontobeach.com|www.iltramontobeach.com|42.4364861|11.1681063|0564 820320
1464|053018AFR0036|Affittacamere|LUBRANO|Via Mura di Levante, 44|58015|Orbetello|GR|0|bruno.lubrano@tin.it|www.lubranocamere.it|42.4367688|11.2114241|0564 867039
18655|053016ALL0041|Alloggi Privati|GALANDRINI FRANCESCO|Via del Fortino, 2 - - PORTO S. STEFANO|58019|Monte Argentario|GR|0|orestina_sclano@yahoo.it||42.4368663|11.1302216|0564 812434 - 329 5655247
1154|053018ALB0004|Alberghi - Hotel|PICCOLO PARIGI|Corso Italia, 169 - ORBETELLO|58015|Orbetello|GR|1|albergopiccoloparigi@hotmail.it|www.albergopiccoloparigi.it|42.4368813|11.208079|0564 867233
1151|053018ALB0001|Alberghi - Hotel|I PRESIDI|Via Mura di Levante, 34|58015|Orbetello|GR|3|info@ipresidi.com|www.ipresidi.com|42.4370083|11.2125353|0564 867601
14140|053018ALL0024|Alloggi Privati|TELLINI ROBERTO|Via Palanca, 2|58015|Orbetello|GR|0|||42.4374732|11.2101133|
1619|053016ALL0001|Alloggi Privati|LANDINI SILVE|GROTTONE DI CALA PICCOLA - PORTO SANTO STEFANO|58019|Monte Argentario|GR|0|||42.4374939|11.1149496|0564 825061
1637|053016ALL0019|Alloggi Privati|SCIOLARI ALESSIO - IL GROTTONE|GROTTONE SNC - PORTO SANTO STEFANO|58019|Monte Argentario|GR|0|info@ilgrottone.com||42.4374939|11.1149496|0564 825093 337 443438
1650|053016ALL0032|Alloggi Privati|CERULLI ANNA MARIA|LOCALIT√? SAN PIETRO, SNC - PORTO S. STEFANO|58019|Monte Argentario|GR|0|||42.4374939|11.1149496|0564 825261 - 0564 825268
18553|053016ALL0036|Alloggi Privati|BB VILLA FLORA|Localit? Punta Nera, snc - - PORTO S. STEFANO|58019|Monte Argentario|GR|0|alena2006@hotmail.it||42.4374939|11.1149496|0564 815938
18584|053016ALL0038|Alloggi Privati|MARIDA|Via Sebastiano Caboto, 9 - POZZARELLO - PORTO S. STEFANO|58019|Monte Argentario|GR|0|||42.4374939|11.1149496|0564 818872
1262|053016RTA0003|Residenze Turistico Alb.|FILIPPO II|POGGIO CALVELLO,17 - PORTO SANTO STEFANO|58019|Monte Argentario|GR|4|info@filipposecondo.it|www.filipposecondo.it|42.4374939|11.1149496|0564 811611
3083|053016STB0002|Stabilimenti Balneari|DUE PINI|Via Statale, 440 - LA SODA - PORTO S. STEFANO|58019|Monte Argentario|GR|1|||42.4374939|11.1149496|0564 814012
3084|053016STB0003|Stabilimenti Balneari|IL GABBIANO DELLA CANTONIERA|Via Cantoniera - CANTONIERA - PORTO S. STEFANO|58019|Monte Argentario|GR|0|||42.4374939|11.1149496|0564 812434
3085|053016STB0004|Stabilimenti Balneari|IL MOLETTO|Via del Molo - MOLO DELLA SANITA' - PORTO S. STEFANO|58019|Monte Argentario|GR|0||www.bagnomoletto.it|42.4374939|11.1149496|0564 817527
3087|053016STB0006|Stabilimenti Balneari|LA FORMICA|S.S. 440, 16 - POZZARELLO - PORTO S. STEFANO|58019|Monte Argentario|GR|0|info@formicargentario.com|www.formicargentario.com|42.4374939|11.1149496|339 5857185 - 330 778283
3088|053016STB0007|Stabilimenti Balneari|CALA PICCOLA|Via della Cala - CALA PICCOLA - PORTO S. STEFANO|58019|Monte Argentario|GR|0|||42.4374939|11.1149496|0564 825244
2745|053018CAM0005|Campeggi|COMUNALE GIANNELLA|S.P. Giannella, 164 - TOMBOLO DI GIANNELLA|58015|Orbetello|GR|2|info@giannellacamping.it|www.giannellacamping.it|42.43751850000000302998159895651042461395263671875|11.168759200000000220143192564137279987335205078125|0564 820054
18179|053018CAV0012|Case per Vacanze|AIRONE|Via delle Saline, 7 - GIANNELLA|58015|Orbetello|GR|0|info@toscanazzurra.it|www.toscanazzurra.it|42.437631|11.169715|0564 820058
1268|053018RTA0003|Residenze Turistico Alb.|AIRONE|Via delle Saline, 7 - GIANNELLA|58015|Orbetello|GR|3|info@toscanazzurra.it|www.toscanazzurra.it|42.437631|11.169715|0564 820058
1457|053018AFR0029|Affittacamere|PENSIONE VERDE LUNA A|Via Banti, 1|58015|Orbetello|GR|0|||42.437675|11.210533|0564 862378
1465|053018AFR0037|Affittacamere|PENSIONE VERDE LUNA  B|Via Banti, 1|58015|Orbetello|GR|0|albergoverdeluna@aim.com|www.albergoverdeluna.tk|42.437675|11.210533|0564 867451
1152|053018ALB0002|Alberghi - Hotel|HOTEL SOLE|Via Colombo, 2|58015|Orbetello|GR|3|info@hotelsoleorbetello.com|www.hotelsoleorbetello.com|42.437835|11.2107572|0564 860410
1792|053003AAT0016|Agriturismi|IL FONTINO|Strada Capalbio - Pescia Fiorentina, 15/17 - PESCIA FIORENTINA|58011|Capalbio|GR|2|info@ilfontino.it|www.ilfontino.it|42.43814|11.4642346|0564 895149
1622|053016ALL0004|Alloggi Privati|CAPITANI ROSANNA|Via Martiri d'Ungheria, 19 - PORTO SANTO STEFANO|58019|Monte Argentario|GR|0|||42.438258|11.114863|0564 814398
1141|053016ALB0010|Alberghi - Hotel|PENSIONE WEEK END|Via Martiri d'Ungheria, 3 - - PORTO S.STEFANO|58019|Monte Argentario|GR|1|info@pensioneweekend.it|www.pensioneweekend.it|42.43856568265742|11.11577421426773|0564 812580
1794|053003AAT0018|Agriturismi|I POGGI DI GARAVICCHIO|Strada del Chiarone, 6 - - PESCIA FIORENTINA|58011|Capalbio|GR|2|||42.4385911|11.4793021|338 2537380
19479|053003AAT0038|Agriturismi|SAN MAURO|Cava del Gesso - - BORGO CARIGE|58011|Capalbio|GR|2|emanuele@tiscali.it||42.4389662|11.4447261|0564 896703 - 347 0512098
1177|053018ALB0030|Alberghi - Hotel|SAN BIAGIO|Via Dante, 44|58015|Orbetello|GR|4|info@sanbiagiorelais.com|www.sanbiagiorelais.com|42.439137|11.211388|0564 860543
1163|053018ALB0016|Alberghi - Hotel|VILLA AMBRA|S.P. Le di Giannella, 113 - GIANNELLA|58015|Orbetello|GR|3|info@hotelvillaambra.com|www.hotelvillaambra.com|42.4391759|11.1688273|0564 820103
3090|053018STB0001|Stabilimenti Balneari|NETTUNO|S.P. Giannella - GIANNELLA|58015|Orbetello|GR|0|||42.43929809999999|11.1689581|0564 820196
3099|053018STB0010|Stabilimenti Balneari|LIDO DI GIANNELLA|S.P. della Giannella - GIANNELLA|58015|Orbetello|GR|0|lidogiannella@virgilio.it||42.43929809999999|11.1689581|0564 821084
2448|053018AAT0001|Agriturismi|GRAZIA|Strada S.Aurelia, 4/B Km.140,100 - PROVINCACCIA - ORBETELLO SCALO|58016|Orbetello|GR|1|info@agriturismograzia.com|www.agriturismograzia.com|42.4396474|11.2124083|0564 881182 - 338 1317645
2450|053018AAT0003|Agriturismi|LA VALENTINA|Strada Vic.Le della Valentina, 12 - VALENTINA - TALAMONE|58010|Orbetello|GR|3|info@agriturismolavalentina.com|www.agriturismolavalentina.com|42.4396474|11.2124083|0564 885355 - 338 2170888
2455|053018AAT0008|Agriturismi|DOGANELLA|S.P. 160 Amiatina, 64 - DOGANELLA - ALBINIA|58010|Orbetello|GR|2|||42.4396474|11.2124083|0564 878171 - 338 1094872
2457|053018AAT0010|Agriturismi|TENUTA LA PARRINA|km 146 Strada Vic.le della Parrina - PARRINA - ALBINIA|58010|Orbetello|GR|2|agriturismo@parrina.it|www.parrina.it|42.4396474|11.2124083|0564 862626
2459|053018AAT0012|Agriturismi|TRE CERRI|S.P. Le 81 Osa - TRE CERRI - ALBINIA|58010|Orbetello|GR|1|3cerri@virgilio.it|www.trecerri.it|42.4396474|11.2124083|0564 885607 - 339 8880463
2460|053018AAT0013|Agriturismi|PODERE DANTE|Strada V.Le di Villa Trieste, 14 - GUINZONE - ALBINIA|58010|Orbetello|GR|1|grazia.cini@libero.it||42.4396474|11.2124083|335 6303622
2461|053018AAT0014|Agriturismi|TORRE CAPITA|Via Fornace Bartolini, 79 - - ALBINIA|58010|Orbetello|GR|1|info@agriturismotorrecapita.com|www.agriturismotorrecapita.com|42.4396474|11.2124083|0564 870029
2462|053018AAT0015|Agriturismi|BELLA VISTA|QUERCIOLAIE - FONTEBLANDA|58010|Orbetello|GR|1|||42.4396474|11.2124083|0564 885436
2463|053018AAT0016|Agriturismi|POGGIO AQUILONE|Strada Vic.Le delle Querciolaie, 1 - QUERCIOLAIE - FONTEBLANDA|58010|Orbetello|GR|1|info@poggioaquilone.it|www.poggioaquilone.it|42.4396474|11.2124083|0564 885339 - 392 1164813
2466|053018AAT0019|Agriturismi|QUERCIOLAIE|S.P. Le Talamone Est, 58 - QUERCIOLAIE - FONTEBLANDA|58010|Orbetello|GR|1|||42.4396474|11.2124083|0564 885448
2467|053018AAT0020|Agriturismi|LA MARTA|Via Srada Vicinale della Migliorina, 3/B - LA MARTA - FONTEBLANDA|58010|Orbetello|GR|3|info@lamarta.it|www.lamarta.it|42.4396474|11.2124083|0564 885426 - 349 5620746
2469|053018AAT0022|Agriturismi|LA GUGLIELMINA|Via Aurelia Nord Km 145 - ORBETELLO SCALO|58016|Orbetello|GR|3|la.guglielmina@tiscali.it|www.laguglielmina.com|42.4396474|11.2124083|0564 862681 - 338 2850809
2470|053018AAT0023|Agriturismi|PODERE IL GHIRO|Strada Vic.Le del Guinzone, 11 - ALBINIA|58010|Orbetello|GR|1||www.podereilghiro.it|42.4396474|11.2124083|0564 871502
2471|053018AAT0024|Agriturismi|VALLECHIARA|CASACCE - TALAMONE|58010|Orbetello|GR|1|agriturismovallechiara@alice.it|www.agriturismovallechiara.it|42.4396474|11.2124083|0564 885617
2473|053018AAT0026|Agriturismi|SAN FRANCESCO|S.P. 160 Amiatina, 38 - - ALBINIA|58010|Orbetello|GR|2||www.agriturismo.sanfrancesco.org|42.4396474|11.2124083|0564 878154 - 338 4285254
2474|053018AAT0027|Agriturismi|LA SORGENTE|Strada Martavello, 17 - QUERCIOLAIE - FONTEBLANDA|58010|Orbetello|GR|2|az.lasorgente@tiscali.it|www.agriturismolasorgente.net|42.4396474|11.2124083|0564 885459 - 393 0954283
2475|053018AAT0028|Agriturismi|LA FACENDA|Strada Vicinale del Ramo, 24 - - ALBINIA|58010|Orbetello|GR|2|lafacenda.agribio@virgilio.it|www.lafacenda.it|42.4396474|11.2124083|0564 870454 - 333 4082063
2476|053018AAT0029|Agriturismi|LA VALLE DELL' ALBEGNA|Strada Vic.Le Camera dei Ladri, 23 - POLVEROSA - ALBINIA|58010|Orbetello|GR|2|||42.4396474|11.2124083|0564 879004 - 348 3803242
2477|053018AAT0030|Agriturismi|AL GIRASOLE|S.P. Osa, 81, 23 - SAN DONATO - ALBINIA|58010|Orbetello|GR|3|info@algirasole.it|www.algirasole.it|42.4396474|11.2124083|0564 885604 - 349 1084695
2480|053018AAT0033|Agriturismi|IL CARRUBO|Strada Vic.le San Donato 36, 8/A - S.DONATO - ALBINIA|58010|Orbetello|GR|2|agriturismoilcarrubo@libero.it|www.agriturismoilcarrubo.com|42.4396474|11.2124083|0564 878163 - 347 0798895
2482|053018AAT0035|Agriturismi|ALBERONE|Strada V.Le di Polverosa, 1B - ALBINIA|58010|Orbetello|GR|2|info@agriturismoalberone.com|www.agriturismoalberone.com|42.4396474|11.2124083|347 6144843
2483|053018AAT0036|Agriturismi|POGGETTI|S.P. 160 Amiatina, 17 - BARCA COLONNA - ALBINIA|58010|Orbetello|GR|2|agriturismo.poggetti@virgilio.it|www.poggetti.it|42.4396474|11.2124083|0564 878141
2484|053018AAT0037|Agriturismi|BURATTA SILVIO E SERGIO|Strada V.Le delle Casacce - - TALAMONE|58010|Orbetello|GR|2|agriturismo@buratta.com|www.buratta.com|42.4396474|11.2124083|0564 885614
2485|053018AAT0038|Agriturismi|IL GIARDINO DELL'OSA|Str.Vicinale dei Cavallini, 8 - CAVALLINI - ALBINIA|58010|Orbetello|GR|2|info@ilgiardinodellosa.com|ilgiardinodellosa.com|42.4396474|11.2124083|0564 886352 - 334 3108438
2486|053018AAT0039|Agriturismi|IL QUADRIFOGLIO|Stada Prov.Le 81 Osa, 25 - TRE CERRI - S.DONATO|58010|Orbetello|GR|2|info@ilquadrifoglioagriturismo.it|www.ilquadrifoglioagriturismo.it|42.4396474|11.2124083|0564 412784 - 328 0339247
2487|053018AAT0040|Agriturismi|IL TIZZANO|Strada di Bonifica, 4 - S.DONATO - ALBINIA|58010|Orbetello|GR|1|info@iltizzano.com|www.iltizzano.com|42.4396474|11.2124083|0564 87005 - 393 9118522
2488|053018AAT0041|Agriturismi|FONTE TRILLA|Strada V.le n.36 - S.DONATO - ALBINIA|58010|Orbetello|GR|2|info@fontetrilla.it|www.fontetrilla.it|42.4396474|11.2124083|0564 878214 - 349 7182245
2489|053018AAT0042|Agriturismi|IL GIARDINO|Strada -Vic.Le di Villa Trieste.12 - GUINZONE - ALBINIA|58010|Orbetello|GR|1|agriturismo.giardino@gmail.com|www.giardinoalmare.com|42.4396474|11.2124083|0564 870352 - 327 7035175
2491|053018AAT0044|Agriturismi|SARO LUCIO|S.P. 160 Amiatina, 17 - BARCA DEI GRAZI - ALBINIA|58010|Orbetello|GR|1|||42.4396474|11.2124083|0564 878262 - 347 3448718
2494|053018AAT0047|Agriturismi|BENGODI|BENGODI ALTO - TALAMONACCIO|58015|Orbetello|GR|1|info@agriturismobengodi.it|www.agriturismobengodi.it|42.4396474|11.2124083|335 8333108
2495|053018AAT0048|Agriturismi|LE COLLINE DEL PARCO|Strada Vic.le Migliorina, 2 - - FONTEBLANDA|58010|Orbetello|GR|1|lottipaolo1967@libero.it|www.collinedelparco.com|42.4396474|11.2124083|0564 885497 - 333 2882091
2496|053018AAT0049|Agriturismi|VILLA TRIESTE|Strada Vic.le Villa Trieste - - ALBINIA|58010|Orbetello|GR|1|aquila49@yahoo.it|www.agriturismovillatrieste.com|42.4396474|11.2124083|0564 870837 - 329 4283174
14160|053018AAT0050|Agriturismi|IL SOLENGO|S.S. AURELIA 4B - PROVINCACCIA|58015|Orbetello|GR|1|ilsolengo@virgilio.it|www.agriturismoilsolengo.it|42.4396474|11.2124083|0564 862252 - 349 7477670
1434|053018AFR0001|Affittacamere|FOSCHIANI & FANTONI|Via della Spiaggia, 8 - ANSEDONIA - ORBETELLO SCALO|58016|Orbetello|GR|0|||42.4396474|11.2124083|0564 881211
1436|053018AFR0003|Affittacamere|CIPRIANI LILIANA|Via Prov.Le della Giannella, 184 - ALBINIA|58010|Orbetello|GR|0|||42.4396474|11.2124083|0564 820294
1440|053018AFR0009|Affittacamere|MOSCONI ANNA CLINIA|Via Aurelia Nord, 92 - - ORBETELLO SCALO|58016|Orbetello|GR|0|||42.4396474|11.2124083|0564 862227
1441|053018AFR0011|Affittacamere|ROMANO ANTONIO|Corso Italia, 112|58015|Orbetello|GR|0|||42.4396474|11.2124083|0564 867109
1442|053018AFR0012|Affittacamere|PAGANELLI LAMBERTO|Via S.S.Aurelia Km.140 - TORRE LE MONACHE - ORBETELLO SCALO|58016|Orbetello|GR|0|ristorante.pitorsino@alice.it|www.ristorantepitorsino.it|42.4396474|11.2124083|0564 881433 - 333 9253891
1460|053018AFR0032|Affittacamere|VILLA BENGODI S.R.L.|Via Bengodi, 2 - - FONTEBLANDA|58010|Orbetello|GR|0|info@villabengodi.it|www.villabengodi.it|42.4396474|11.2124083|0564 885515
1463|053018AFR0035|Affittacamere|BLUEBERRY HILLS|Strada Vicinale di Villa Trieste, 9 - - ALBINIA|58010|Orbetello|GR|0|||42.4396474|11.2124083|0564 870279
19462|053018AFR0039|Affittacamere|BED & BREAKFAST TACCIOLI ALICE|Strada Vicinale dei Poggi, 1/A|58015|Orbetello|GR|0|||42.4396474|11.2124083|0564 863199 - 349 4674181
1153|053018ALB0003|Alberghi - Hotel|LA PERLA|Via Etruria, 2 - NEGHELLI|58015|Orbetello|GR|1|argentariosail@hotmail.com|www.albergolaperla.it|42.4396474|11.2124083|0564 863546
1156|053018ALB0007|Alberghi - Hotel|DA RENATO|Via Aurelia Nord, 15 - - ALBINIA|58010|Orbetello|GR|2|hoteldarenato@hotmail.it|www.hoteldarenato.it|42.4396474|11.2124083|0564 870030-870011
1159|053018ALB0012|Alberghi - Hotel|CALA DI FORNO|Piazza Uccellina, 10 - - FONTEBLANDA|58010|Orbetello|GR|3|info@hotelcaladiforno.it|www.hotelcaladiforno.it|42.4396474|11.2124083|0564 885573
1160|053018ALB0013|Alberghi - Hotel|ROMBINO|Via Aurelia Antica, 40 - - FONTEBLANDA|58010|Orbetello|GR|3|info@hotelrombino.it|www.hotelrombino.it|42.4396474|11.2124083|0564 885516
1161|053018ALB0014|Alberghi - Hotel|TORRE DELL'OSA|S.S. Aurelia Sud, Km. 156 - FONTEBLANDA|58010|Orbetello|GR|4|info@torredellosa.it|www.torredellosa.it|42.4396474|11.2124083|0564 884953 - 0564 885584
1170|053018ALB0023|Alberghi - Hotel|LA ROSA DEI VENTI|Via Calabria, 33/35 (ex Via Aurelia Sud, 108/109) - - ALBINIA|58010|Orbetello|GR|3|info@la-rosa-dei-venti.it|www.la-rosa-dei-venti.it|42.4396474|11.2124083|564870143
1171|053018ALB0024|Alberghi - Hotel|BAIA DI TALAMONE|Via della Marina, 23 - - TALAMONE|58010|Orbetello|GR|3|info@hotelbaiaditalamone.it|www.hotelbaiaditalamone.it|42.4396474|11.2124083|0564 887310
1172|053018ALB0025|Alberghi - Hotel|MINI HOTEL|Via Zugiani, 6 - - ORBETELLO SCALO|58016|Orbetello|GR|1|info@casalegliulivi.it|www.casalegliulivi.it|42.4396474|11.2124083|0564 864319
1173|053018ALB0026|Alberghi - Hotel|LA LOCANDA DI ANSEDONIA|Via Aurelia Km. 140, 5 - PITORSINO - ORBETELLO SCALO|58016|Orbetello|GR|1|info@lalocandadiansedonia.it|www.lalocandadiansedonia.it|42.4396474|11.2124083|0564 881317
1175|053018ALB0028|Alberghi - Hotel|LE PALME|S.S. Aurelia Km. 154 - VOLTONCINO - ALBINIA|58010|Orbetello|GR|3|info@albergolepalme.it|www.albergolepalme.it|42.4396474|11.2124083|0564 870590
1654|053018ALL0003|Alloggi Privati|PANORAMA DI BENEDETTI LORIANO|BAGNACCI DELL'OSA, 31 - FONTEBLANDA|58010|Orbetello|GR|0|||42.4396474|11.2124083|0564 885610
1657|053018ALL0006|Alloggi Privati|MANTELLASSI LEOPOLDO|Via Aurelia Nord Km. 144 - ORBETELLO SCALO|58016|Orbetello|GR|0|||42.4396474|11.2124083|0564 862139
1664|053018ALL0013|Alloggi Privati|CALDORI DAVID -"CASALE 77"|Strada Vicinale Pilalti, 14|58015|Orbetello|GR|0|||42.4396474|11.2124083|0564 867040
1672|053018ALL0022|Alloggi Privati|TOME' IDA|Via Curtatone, 1|58015|Orbetello|GR|0|||42.4396474|11.2124083|0564 860696
17715|053018ALL0026|Alloggi Privati|GIULIANA|Via Aurelia, Sud Km 148, n.238 - - ALBINIA|58010|Orbetello|GR|0|||42.4396474|11.2124083|0564 870246 - 347 7566129
17854|053018ALL0027|Alloggi Privati|B&B EL MOLINO|S.S. Aurelia Km.161,8, 298|58015|Orbetello|GR|0|info@elmolino.it|www.elmolino.it|42.4396474|11.2124083|0564 885797 - 346 5039661
2742|053018CAM0002|Campeggi|ACAPULCO|S.S. Aurelia Km.155 - CAMPO REGIO - ALBINIA|58010|Orbetello|GR|2|info@campeggioacapulco.com|www.campeggioacapulco.com|42.4396474|11.2124083|0564 870165
2744|053018CAM0004|Campeggi|ARGENTARIO CAMPING VILLAGE|TORRE SALINE|58010|Orbetello|GR|1|info@argentariocampingvillage.com|www.argentariocampingvillage.com|42.4396474|11.2124083|0564 870302
2750|053018CAM0010|Campeggi|BOCCHE D'ALBEGNA|TORRE SALINE - ALBINIA|58010|Orbetello|GR|2|info@bocchedalbegna.com|www.bocchedalbegna.com|42.4396474|11.2124083|0564 870097
2753|053018CAM0013|Campeggi|MARINA CHIARA|Via S.S.Aurelia Km.197 - VOLTONCINO - ALBINIA|58010|Orbetello|GR|2|info@marinachiara.it|www.marinachiara.it|42.4396474|11.2124083|0564 870304 - 333 4599168
1271|053018RTA0006|Residenze Turistico Alb.|TRIS HOTEL RTA|Via Aurelia Km 145, 67 - CAMPOLUNGO - ORBETELLO SCALO|58015|Orbetello|GR|3|info@hoteltris.it|www.hoteltris.it|42.4396474|11.2124083|0564 862500
1273|053018RTA0008|Residenze Turistico Alb.|LA PINETA|S.S. Aurelia Km.152,800 - VOLTONCINO - ALBINIA|58010|Orbetello|GR|3|info@pinetaresidence.it|www.pinetaresidence.it|42.4396474|11.2124083|0564 870499
18918|053018RTA0011|Residenze Turistico Alb.|RESIDENCE LA VENECCA|S.P. le di Talamone Est 28/A - - FONTEBLANDA|58010|Orbetello|GR|3|info@residencelavenecca.it|www.residencelavenecca.it|42.4396474|11.2124083|0564 884917 - 346 3140704
3091|053018STB0002|Stabilimenti Balneari|AI DELFINI|Via Laghetto Breschi - - ALBINIA|58010|Orbetello|GR|0|||42.4396474|11.2124083|0564 870351
3092|053018STB0003|Stabilimenti Balneari|LA STREGA|Loc. Ansedonia - LA TAGLIATA - ANSEDONIA|58016|Orbetello|GR|0|||42.4396474|11.2124083|0564 881233
3102|053018STB0013|Stabilimenti Balneari|ANSEDONIA LIDO|Via della Spiaggia - ANSEDONIA|58016|Orbetello|GR|1|||42.4396474|11.2124083|0564 881211
1632|053016ALL0014|Alloggi Privati|MAZZINI LUCIANO|Via Panoramica, 62 - PORTO SANTO STEFANO|58019|Monte Argentario|GR|0|||42.439908|11.113265|347 6787698
18472|053016ALL0035|Alloggi Privati|LAURA|Via Martiri D'Ungheria, 61 - - PORTO S. STEFANO|58019|Monte Argentario|GR|0|lauraseggiani@hotmail.it||42.4400426|11.1141634|0564 812724
1138|053016ALB0007|Alberghi - Hotel|HOTEL LA LUCCIOLA|Via Panoramica, 241 - - PORTO S. STEFANO|58019|Monte Argentario|GR|2|info@lalucciola.com|www.lalucciola.com|42.44024821275083|11.113277077674865|0564 812976
1452|053018AFR0024|Affittacamere|MANTELLASSI MARY|Via Lungolago Buozzi, 15|58015|Orbetello|GR|0|info@lapineta-orbetello.it|www.lapineta-orbetello.it|42.4402532|11.2228998|0564 864126
1269|053018RTA0004|Residenze Turistico Alb.|IL LIDO|S.P. le di Giannella, 125 - GIANNELLA|58015|Orbetello|GR|3|info@toscanazzurra.it|www.toscanazzurra.it|42.4403982|11.1699945|0564 821034
1265|053016RTA0006|Residenze Turistico Alb.|IL SOLE DELL'ARGENTARIO|Via del Sole, 187 - - PORTO SANTO STEFANO|58019|Monte Argentario|GR|2|info@soleargentario.it|www.soleargentario.it|42.440468|11.110978|0564 813463
1136|053016ALB0005|Alberghi - Hotel|HOTEL VITTORIA|Via del Sole, 65 - PORTO S.STEFANO|58019|Monte Argentario|GR|3|info@hvittoria.com|www.hvittoria.com|42.4405768|11.1118874|0564 818580 - 818581
1635|053016ALL0017|Alloggi Privati|PETTOELLO MARIO|Via dei Tonni, 8 - PORTO SANTO STEFANO|58024|Monte Argentario|GR|0|||42.4408711|11.1146756|0564 812222 335 8232851
18337|053018ALL0028|Alloggi Privati|BB ON THE BEACH|Via della Giannella, 147 - GIANNELLA|58015|Orbetello|GR|0|info@bbonthebeach.it|www.bbonthebeach.it|42.4412032|11.1707731|0564 820089 - 334 1447219
2465|053018AAT0018|Agriturismi|FATTORIA IL CASALONE|S.S. Aurelia, 18|58015|Orbetello|GR|2|agriturismocasalone@hotmail.com|www.agriturismocasalone.com|42.4422682|11.2206616|0564 862160
1656|053018ALL0005|Alloggi Privati|MAGGIOLINI FABIO - LOCANDA LE MANDRIANE|Strada Vicinale San Donato, 36 - SAN DONATO|58015|Orbetello|GR|0|info@locandalemandriane.it||42.4422682|11.2206616|0564 878178
2743|053018CAM0003|Campeggi|AFRICA|S.S. Aurelia Km.154 - VOLTONCINO - ALBINIA|58010|Orbetello|GR|2|info@campingvillageafrica.it|www.campingvillageafrica.it|42.4422682|11.2206616|0564 870245
1661|053018ALL0010|Alloggi Privati|DURAZZO CARLO -"TORRE VECCHIA"|TORRE VECCHIA - ORBETELLO SCALO|58016|Orbetello|GR|0|info@torre-vecchia.it||42.4424456|11.2689343|335 5313318 0564 864001
3082|053016STB0001|Stabilimenti Balneari|LA CALETTA|Via Civinini, 6 - - PORTO S. STEFANO|58019|Monte Argentario|GR|0|info@hotelcaletta.it|www.hotelcaletta.it|42.443393|11.114502|0564 812939
1134|053016ALB0003|Alberghi - Hotel|LA CALETTA|Via Guelfo Civinini, 6 - - PORTO S. STEFANO|58019|Monte Argentario|GR|3|info@hotelcaletta.it|www.hotelcaletta.it|42.44391370000000307527443510480225086212158203125|11.1140994000000006280970410443842411041259765625|0564 812939
1793|053003AAT0017|Agriturismi|LA FONTANELLA DEL GIARDINO|Via Giardino, 28/B - GIARDINO|58011|Capalbio|GR|1|||42.44596720000001|11.3349015|0564 894021 - 339 54
17125|053003AAT0037|Agriturismi|ARGENTARIO|Via del Giardino, 24 - GIARDINO|58011|Capalbio|GR|1|||42.4459983|11.3348961|0564 893252 - 338 3693620
14144|053003AAT0032|Agriturismi|RESORT LOCANDA ROSSA|Strada Capalbio, 11b - - PESCIA FIORENTINA|58011|Capalbio|GR|2|info@locandarossa.com|www.locandarossa.com|42.4460816|11.4579401|0564 890462
2970|053003STB0001|Stabilimenti Balneari|ULTIMA SPIAGGIA|MARINA DEL CHIARONE|58010|Capalbio|GR|0|info@ultimaspiaggia.com|www.ultimaspiaggia.com|42.447202|11.4564409|0564 890295
1167|053018ALB0020|Alberghi - Hotel|DREAM HOTEL|Via Aurelia Nord Km.145, 68 - QUATTRO STRADE - ORBETELLO SCALO|58015|Orbetello|GR|2|anticogusto@inwind.it|www.anticogusto.com|42.4475185|11.2484444|0564 862137
1165|053018ALB0018|Alberghi - Hotel|IL CACCIATORE|Via Aurelia Nord Km.146, 204 - QUATTRO STRADE - ORBETELLO SCALO|58015|Orbetello|GR|3|goracci.emilio@tiscali.it|www.emmeti.it|42.4475185000000010404619388282299041748046875|11.248444400000000342743078363128006458282470703125|0564 862020 - 862134
1272|053018RTA0007|Residenze Turistico Alb.|PODERE TURICCHIO|Via Pantini - - ORBETELLO SCALO|58015|Orbetello|GR|2|info@podereturicchio.it|www.podereturicchio.it|42.4499872|11.2522113|339 1419396
1778|053003AAT0002|Agriturismi|IL POGGIO|FICONA - PESCIA FIORENTINA|58011|Capalbio|GR|1|||42.4502792|11.5016481|0564 895012 - 340 4901659
2269|053014AAT0019|Agriturismi|PIAN DEL FRATE|MONTAUTO|58014|Manciano|GR|1|p.sartucci@email.it|www.agriturismopiandelfrate.com|42.450521|11.588191|0564 627019 - 333 2211176
1779|053003AAT0003|Agriturismi|AGRITURISMO CAPALBIO DI RENAIOLI|Via Pian del Quaranta, 2 - TORRE PALAZZI|58011|Capalbio|GR|1|info@agriturismorenaioli.it|www.agriturismorenaioli.it|42.4533873|11.4237003|335 1005836
1780|053003AAT0004|Agriturismi|VALLERANA|Strada della Sgrilla, 23 - VALLERANA|58011|Capalbio|GR|3||www.agriturismo-vallerana.com|42.4533873|11.4237003|0564 892025 - 338 1586140
1783|053003AAT0007|Agriturismi|ROSASPINA|Strada della Sgrilla, 41 - VALLERANA|58011|Capalbio|GR|1|farm.holiday@tiscalinet.it|www.agriturismo-rosaspina.com|42.4533873|11.4237003|0564 892014
1784|053003AAT0008|Agriturismi|I POGGI ETRUSCHI|Strada della Sgrilla, 10 - VALLERANA|58011|Capalbio|GR|1|info@poggietruschi.com|www.poggietruschi.com|42.4533873|11.4237003|335 8415736
1786|053003AAT0010|Agriturismi|LE COLLINE DI CAPALBIO|Via Legaccioli, 1|58011|Capalbio|GR|3||www.lecollindicapalbio.it|42.4533873|11.4237003|0564 896330 - 347-5343913
1791|053003AAT0015|Agriturismi|IL PORTICO|Strada del 616, 2 - TORRE PALAZZI|58011|Capalbio|GR|2|||42.4533873|11.4237003|0564 896694 - 347 3230335
1795|053003AAT0019|Agriturismi|RADICATA|Via Valmarina - RADICATA|58011|Capalbio|GR|1|info@radicata.it|www.radicata.it|42.4533873|11.4237003|0564 896761 - 335 6495029
1796|053003AAT0020|Agriturismi|LA CASETTA DI VALLERANA|Strada della Sgrilla, 31 - VALLERANA|58011|Capalbio|GR|2|||42.4533873|11.4237003|0564 892002 - 339 3855992
1797|053003AAT0021|Agriturismi|POGGIO DOLCE|Strada Villa Pinciana, 8 - POGGIO DOLCE|58011|Capalbio|GR|1|poggiodolce@capalbio.it||42.4533873|11.4237003|0564 896473 - 320 1632427
1798|053003AAT0022|Agriturismi|LE DUE QUERCE|Via Valmarina - RADICATA|58011|Capalbio|GR|1|||42.4533873|11.4237003|0564 896400
1800|053003AAT0024|Agriturismi|IL CASALE DEGLI OLIVI|Strada del Tiburzi, 4 - LE FORANE|58011|Capalbio|GR|2|info@ilcasaledegliolivi.it|www.ilcasaledegliolivi.it|42.4533873|11.4237003|0564 896710 - 335 5888323
1801|053003AAT0025|Agriturismi|CAVALLIN DEL PAPA|Strada Monteforcato - VALLERONA|58011|Capalbio|GR|1|||42.4533873|11.4237003|0564 896392 - 339 8445329
1802|053003AAT0026|Agriturismi|LA VECCHIA SDRISCIA|LA SDRISCIA, 1|58011|Capalbio|GR|1|||42.4533873|11.4237003|0564 896558 - 333 6301994
1804|053003AAT0028|Agriturismi|PRIVILEGE CAPALBIO|Strada Valmarina, 6 - - CAPALBIO SCALO|58010|Capalbio|GR|1|privilege.capalbio@alice.it||42.4533873|11.4237003|0564 642907 - 329 33228681
1806|053003AAT0030|Agriturismi|TERRA ETRUSCA|Piemonte, 6 - - CAPALBIO SCALO|58011|Capalbio|GR|2|info@terraetrusca.it|www.aziendaveronesi.com|42.4533873|11.4237003|0564 898699 - 348 8884960
14145|053003AAT0033|Agriturismi|MONTALZATO|STRADA MONTALZATO|58010|Capalbio|GR|1|pellepelu@hotmail.it||42.4533873|11.4237003|0564 893785 - 339 3249998
15290|053003AAT0035|Agriturismi|CASETTA DI VADOPIANO|POGGIO TRISTO|58011|Capalbio|GR|1|ale.latini.alex.@tiscali.it||42.4533873|11.4237003|0564 890201 - 338 9086042
16691|053003AAT0036|Agriturismi|COLLE VERDE|Strada Legaccioli 1|58011|Capalbio|GR|1|colleverdecapalbio@libero.it||42.4533873|11.4237003|340 3026741 - 338 8134896
962|053003ALB0006|Alberghi - Hotel|CAPALBIO|Strada Casal Nuovo, 24 - POGGETTI|58011|Capalbio|GR|3|info@albergocapalbio.it|www.albergocapalbio.it|42.4533873|11.4237003|0564 899017
1540|053003ALL0003|Alloggi Privati|MAZZUOLI MARIA CONCETTA|Strada Chiarone, 2 - PESCIA FIORENTINA|58011|Capalbio|GR|0|||42.4533873|11.4237003|0564 895071
1542|053003ALL0005|Alloggi Privati|BIGIARINI GIULIA - IL CASALE DEI GIRASOLI|Strada del 616, n.3 - TORRE PALAZZI|58011|Capalbio|GR|0|info@ilcasaledeigirasoli.it|www.ilcasaledeigirasoli.it|42.4533873|11.4237003|0564 896122
1543|053003ALL0006|Alloggi Privati|GUIDONI FOSCA|Via Umbria, 3 - - CAPALBIO SCALO|58010|Capalbio|GR|0|||42.4533873|11.4237003|0564 898503
1544|053003ALL0007|Alloggi Privati|MARINI LEONELLA|Via Toscana, 36 - CAPALBIO SCALO|58010|Capalbio|GR|0|||42.4533873|11.4237003|0564 898565
1546|053003ALL0009|Alloggi Privati|ANGIOLINI ALBANO|Strada Valmarina, 36/B - TORRE PALAZZI|58011|Capalbio|GR|0|infolacasetta@yahoo.it||42.4533873|11.4237003|0564 896762
1551|053003ALL0014|Alloggi Privati|ALFEI FABRIZIO|Strada per Pescia Fiorentina, 4/D - CHIARONE|58011|Capalbio|GR|0|||42.4533873|11.4237003|0564 895071
1557|053003ALL0020|Alloggi Privati|MAZZONI ENRICA -"CASA MAZZONI"|Strada Pesciafiorentina- Chiarone, 12 - SANT'ANGELO|58011|Capalbio|GR|0|||42.4533873|11.4237003|0564 890635
1560|053003ALL0023|Alloggi Privati|B&B L'OLEANDRO|S.P. del Cutignolo, 35|58011|Capalbio|GR|0|||42.4533873|11.4237003|0564 896059
1561|053003ALL0024|Alloggi Privati|BED & BREAKFAST LA VALLERANA|VALLERANA CENTRO|58011|Capalbio|GR|0|||42.4533873|11.4237003|
2715|053003CAM0002|Campeggi|IL CAMPEGGIO DI CAPALBIO|Loc. Chiarone Graticciaia - GRATICCIAIA - CHIARONE|58011|Capalbio|GR|2|mauro.ricci@ilcampeggiodicapalbio.it|www.ilcampeggiodicapalbio.it|42.4533873|11.4237003|0564 890101
2972|053003STB0004|Stabilimenti Balneari|FRIGIDAIRE|LOC. TORBA MARE - CAPALBIO SCALO|58010|Capalbio|GR|0|frigidaire@hotmail.it||42.4533873|11.4237003|0564 893183
1789|053003AAT0013|Agriturismi|TILIA|Via Valmarina, 37|58011|Capalbio|GR|3||www.tilia.it|42.454147|11.388857|0564 896482 - 333 7361557
1547|053003ALL0010|Alloggi Privati|ONORI OLIMPIA -"LE TORRETTE ETRUSCHE"|Strada Pedemontana, 91|58011|Capalbio|GR|0|||42.4542234999999976707840687595307826995849609375|11.4215347000000004840103429160080850124359130859375|338 8829581
1554|053003ALL0017|Alloggi Privati|CERULLI ELENA|Strada Campo Le Miniere, 6|58011|Capalbio|GR|0|||42.4542234999999976707840687595307826995849609375|11.4215347000000004840103429160080850124359130859375|
1555|053003ALL0018|Alloggi Privati|VERONESI DANILO|Via Piemonte, 6|58011|Capalbio|GR|0|||42.4542234999999976707840687595307826995849609375|11.4215347000000004840103429160080850124359130859375|0564 898519
1545|053003ALL0008|Alloggi Privati|SARTINI FRANCESCA|Via Teano, 5|58011|Capalbio|GR|0|||42.45431|11.420002|0564 896034
1287|053003AFR0002|Affittacamere|ROSSI MAURIZIO|Via Nuova, 11|58011|Capalbio|GR|0|rossimaurizio@legalmail.it||42.4544349|11.420387|0564 896014
1223|053003RTA0001|Residenze Turistico Alb.|VALLE DEL BUTTERO|Via Silone, 21|58011|Capalbio|GR|3|info@valledelbuttero.it|www.valledelbuttero.it|42.454862|11.421762|0564 896097
1807|053003AAT0031|Agriturismi|ANTICA PINCIANA|VILLA PINCIANA|58011|Capalbio|GR|1|||42.4561144|11.4063255|0564 896281 - 335 6251182
2328|053014AAT0078|Agriturismi|LA ROCCA DEI BRIGANTI|Strada Campigliola - MONTAUTO|58014|Manciano|GR|2|info@laroccadeibriganti.it|www.laroccadeibriganti.it|42.45885029999999|11.5898335|0564 620083 - 338 8690049
1655|053018ALL0004|Alloggi Privati|ROMUALDI ROLANDO|S.P. di Giannellla - - ALBINIA|58010|Orbetello|GR|0|||42.4659949|11.1871746|0564 820164
2948|053018CAF0001|Case per Ferie|CENTRO EDUCAZIONE AMBIENTALE  A.PECCEI|S.P. Giannella, 174 - GIANNELLA - ALBINIA|58010|Orbetello|GR|0|marco.faiola@pandaavventure.com|www.pandaavventure.com|42.4659949|11.1871746|0564 820297 - 06 44362315
2741|053018CAM0001|Campeggi|ORBETELLO CAMPING VILLAGE|S.P. Giannella, 166 - - ALBINIA|58010|Orbetello|GR|3|info@orbetellocampingvillage.com|www.orbetellocampingvillage.com|42.4659949|11.1871746|0564 820201
2890|053018CAV0007|Case per Vacanze|CASA FICULLE|S.P. le di Giannella, 210/212 - - ALBINIA|58010|Orbetello|GR|0|info@casaficulle.it|www.casaficulle.it|42.4659949|11.1871746|0564 870275
1270|053018RTA0005|Residenze Turistico Alb.|ARGENTARIO INTERNATIONAL VILLAGE|S.P. della Giannella - ALBINIA|58010|Orbetello|GR|3|info@argentariocampingvillage.com|www.argentariocampingvillage.com|42.4659949|11.1871746|0564 870302
3103|053018STB0014|Stabilimenti Balneari|FLORIDA|S.P. 36 della Giannella, 231 - ALBINIA|58010|Orbetello|GR|3|||42.4659949|11.1871746|0564 820316
2751|053018CAM0011|Campeggi|CAMPO REGIO|Via Aurelia, 209 - - ALBINIA|58010|Orbetello|GR|1|info@campingcamporegio.it|www.campingcamporegio.it|42.46632169999999|11.2403964|0564 870163
2456|053018AAT0009|Agriturismi|LA SELVA|S.P.81 OSA n.7 - - ALBINIA|58010|Orbetello|GR|2|info.it@laselva-bio.eu|www.laselva-bio.it|42.4716051999999990584910847246646881103515625|11.23581109999999938509063213132321834564208984375|0564 885669 - 331 4069156
1166|053018ALB0019|Alberghi - Hotel|VECCHIA MAREMMA|Via Aurelia Km.146, 400 - QUATTROSTRADE - ORBETELLO SCALO|58016|Orbetello|GR|3|info@vecchiamaremma.it|www.vecchiamaremma.it|42.474217733245574|11.233901381492615|0564 862147 - 0564 865105
1781|053003AAT0005|Agriturismi|AGRIFOGLIO|Strada del Giardino, 26 - GIARDINO - BORGO CARIGE|58010|Capalbio|GR|3|info@capalbioagriturismo.it|www.capalbioagriturismo.it|42.4790517|11.3801672|0564 894010 - 338 3693620
1782|053003AAT0006|Agriturismi|OASI BOTANICO NATURALISTICA CAPALBIACCIO|BORGO CARIGE|58010|Capalbio|GR|0|||42.4790517|11.3801672|0564 864195
1788|053003AAT0012|Agriturismi|I FATTORI|Via Aurelia Km. 128 - - BORGO CARIGE|58010|Capalbio|GR|1|||42.4790517|11.3801672|0564 890237
1777|053003AAT0001|Agriturismi|GHIACCIO BOSCO|STRADA DELLA SGRILLA,4|58011|Capalbio|GR|3|info@ghiacciobosco.com|www.ghiacciobosco.com|42.4822465|11.4266557|0564 896539 - 339 5662578
1671|053018ALL0021|Alloggi Privati|MAZZARANI VALENTINA|Via Albegna, 64/A|58015|Orbetello|GR|0|vale@tiscali.it||42.493875|11.210845|0564 871244
1652|053018ALL0001|Alloggi Privati|MAZZARANI LIVIO|Via Albegna, 58 - - ALBINIA|58010|Orbetello|GR|0|||42.4942546|11.2110249|0564 871244
18355|053018AAT0053|Agriturismi|PODERE DEL PRIORATO|Strada del Priorato - PRIORATO - ALBINIA|58015|Orbetello|GR|1|info@poderedelpriorato.it|www.poderedelrpiorato.it|42.499313967617816|11.251029968261719|0564 878392 - 338 4776387
2493|053018AAT0046|Agriturismi|LE ANCORE|Strada Vic,le Cavallini, 4 - - ALBINIA|58015|Orbetello|GR|1|agriturismoleancore@alice.it||42.5014091|11.2048941|0564 885408 - 339 4492155
17418|053018AAT0051|Agriturismi|SOCIETA' AGRICOLA RUSTICI GIUSEPPE E ANDREA S.S.|Strada Vic. La Barca del Grazi, 4 - LA BARCA DEL GRAZI - ALBINIA|58015|Orbetello|GR|2|info@biologicorustici.it|www.biologicorustici.it|42.5014091|11.2048941|0564 878031 - 347 5438266
18064|053018AAT0052|Agriturismi|SANTA VIRGINIA|DOGANELLA 123 - ALBINIA|58015|Orbetello|GR|1|||42.5014091|11.2048941|348 9386145
1439|053018AFR0008|Affittacamere|IL TOMBOLO DI VERDI ROSA|Via Prov.Giannella, 180 - GIANNELLA - ALBINIA|58015|Orbetello|GR|0|le_sorgenti2000@libero.it|www.monteargentario.it|42.5014091|11.2048941|0564 820162
1450|053018AFR0022|Affittacamere|PODERE 13|S.P. Le 56 - SAN DONATO 18 - ALBINIA|58015|Orbetello|GR|0|info@immobiliarepodere13srl.com|www.immobiliarepodere13srl.com|42.5014091|11.2048941|0564 878261
1155|053018ALB0006|Alberghi - Hotel|HOTEL CORALLO|Via Paolieri, 27 - - ALBINIA|58010|Orbetello|GR|3|info@hotelcorallo.it|www.hotelcorallo.it|42.502489|11.207345|0564 870065
2492|053018AAT0045|Agriturismi|LE MANDRIANE|Strada Vic.le San Donato, 36 - SAN DONATO - ALBINIA|58010|Orbetello|GR|2|info@locandalemandriane.it|www.locandalemandriane.it|42.50322990000000089594323071651160717010498046875|11.208527000000000128920873976312577724456787109375|0564 878178 - 339 7334792
1666|053018ALL0015|Alloggi Privati|SILVESTRI MARIO -  IL PICCHIO VERDE|Via Aurelia - TOPAIE, 234 - ALBINIA|58010|Orbetello|GR|0|bbilpicchioverde@hotmail.it||42.50322990000000089594323071651160717010498046875|11.208527000000000128920873976312577724456787109375|0564 870356
2747|053018CAM0007|Campeggi|IL GABBIANO CAMPING VILLAGE|S.S. Aurelia Km.152 - CAMPO REGIO - ALBINIA|58010|Orbetello|GR|1|info@ilgabbianocampingvillage.com|www.ilgabbianocampingvillage.com|42.50322990000000089594323071651160717010498046875|11.208527000000000128920873976312577724456787109375|0564 870202
2748|053018CAM0008|Campeggi|OASI|Via S.S.Aurelia Km 152, 500 - VOLTONCINO - ALBINIA|58010|Orbetello|GR|2|info@campingvillageoasi.it|www.campingvillageoasi.it|42.50322990000000089594323071651160717010498046875|11.208527000000000128920873976312577724456787109375|0564 870482
2754|053018CAM0014|Campeggi|VOLTONCINO|Via S.S.Aurelia Km.199 - VOLTONCINO - ALBINIA|58010|Orbetello|GR|2|info@voltoncino.it|www.voltoncino.it|42.50322990000000089594323071651160717010498046875|11.208527000000000128920873976312577724456787109375|0564 870158 - 333 4599168
2951|053018REP0001|Residenze d'Epoca|CASALE VOLTONCINO|S.S. Aurelia Km. 152 - VOLTONCINO - ALBINIA|58010|Orbetello|GR|0|info@casalevoltoncino.it|www.casalevoltoncino.it|42.50322990000000089594323071651160717010498046875|11.208527000000000128920873976312577724456787109375|333 4599168
2479|053018AAT0032|Agriturismi|AUNTI|Via S.R. 74 Maremmana, 192 - AUNTI - POLVEROSA|58010|Orbetello|GR|2|agriturismoaunti@gmail.com|www.agriturismoaunti.it|42.512475179076006|11.261672973632812|0564 870190 - 338 5010020
1275|053018RTA0010|Residenze Turistico Alb.|LA POSTA DI TORRENOVA|S.P. le 128 della Parrina, 56|58015|Orbetello|GR|3|info@torrenova.eu|www.torrenova.eu|42.514219|11.2426044|0564 862479
2767|053018VIT0001|Villaggi Turistici|CAMPING VILLAGE GOLFO DEGLI ETRUSCHI|S.S. Aurelia Km 154, 200 - - ALBINIA|58010|Orbetello|GR|2|info@villagegolfodeglietruschi.it|www.villagegolfodeglietruschi.it|42.5208471|11.1920913|0564 870547
2468|053018AAT0021|Agriturismi|LA STALLA|SAN DONATO - ALBINIA|58010|Orbetello|GR|2|info@agriturismolastalla.it|www.agriturismolastalla.it|42.5231721|11.2364231|333 9444606
2885|053018CAV0002|Case per Vacanze|PODERE 13 CASA VACANZE|S.P. 56 - SAN DONATO, 18 - ALBINIA|58010|Orbetello|GR|0|info@immobiliarepodere13srl.com|www.immobiliarepodere13srl.com|42.5231721|11.2364231|0564 878261 - 337 704063
1267|053018RTA0002|Residenze Turistico Alb.|PARK HOTEL RESIDENCE|Via Volontari del Sangue, 1/A|58015|Orbetello|GR|3|info@parkhotelresidence.com|www.parkhotelresidence.com|42.5255915|11.2297105|0564 863618
2507|053019AAT0011|Agriturismi|LA PINETA|SAN PIETRO, 2940|58017|Pitigliano|GR|2|info@agriturlapineta|www.agriturlapineta.it|42.5278933|11.6020745|0564 617101 - 328 2234334
2517|053019AAT0021|Agriturismi|POGGIO SAN PIETRO|SAN PIETRO|58017|Pitigliano|GR|2|info@agriturismopoggiosanpietro.com|www.agriturismopoggiosanpietro.com|42.5278933|11.6020745|0564 616922 - 338 2254457
2260|053014AAT0010|Agriturismi|CAVALLIN DEL BUFALO|IL PIANO|58014|Manciano|GR|3|cavallindelbufalo@tiscalinet.it|www.agriturismocavallindelbufalo.com|42.5313482|11.3210073|0564 620316 - 329 8228536
2746|053018CAM0006|Campeggi|HAWAII|S.S. Aurelia Km 154, 500 - CAMPO REGIO - ALBINIA|58010|Orbetello|GR|2|info@campinghawaii.it|www.campinghawaii.it|42.5333383|11.1845642|0564 870164
2348|053014AAT0098|Agriturismi|LA SPERANZA|GUINZONI - CASALE NUOVO - MARSILIANA|58010|Manciano|GR|2|info@agriturismolasperanza.it|www.agriturismolasperanza.it|42.5362553|11.3426992|0564 606037 - 338 4114366
2351|053014AAT0101|Agriturismi|LA NOSTRA MAREMMA|Marruchetone, 243 - SGRILLOZZO - MARSILIANA|58010|Manciano|GR|1|info@lanostramaremma.com|www.lanostramaremma.com|42.53625530000000054542397265322506427764892578125|11.3426992000000002036586010945029556751251220703125|320 8084343
2298|053014AAT0048|Agriturismi|LA SIESTA|MARSILIANA|58010|Manciano|GR|1|agriturismolasiesta@tiscali.it|www.agriturismolasiesta.com|42.540654|11.3496121|0564 606318 - 320 2342361
2330|053014AAT0080|Agriturismi|CAMERA DEI LADRI|QUARTO ALBEGNA, 116 - MARSILIANA|58014|Manciano|GR|2|marzio.bonucci@tiscali.it|www.agriturismocameradeiladri.com|42.540654|11.3496121|0564 605100 - 334 3309707
2350|053014AAT0100|Agriturismi|IL PINZUTO|MARSILIANA|58014|Manciano|GR|2|info@ilpinzuto.it|www.ilpinzuto.it|42.540654|11.3496121|0564 606477 - 340 2948540
13696|053014AFR0052|Affittacamere|IL RADUNO|SPINICCI, 261 - MARSILIANA|58014|Manciano|GR|0|info@maxlelli.com|www.ilraduno.com|42.540654|11.3496121|0564 609920
1609|053014ALL0009|Alloggi Privati|MUSCINELLI PATRIZIA - LA VILLA|Via Tarquinia - - MARSILIANA|58014|Manciano|GR|0|info@lavillamarsiliana.it|www.lavillamarsiliana.it|42.540654|11.3496121|0564 606023
2464|053018AAT0017|Agriturismi|LE SPIGHE|TRE CERRI, 128 - SAN DONATO|58010|Orbetello|GR|2|info@agriturismolespighe.it|www.agriturismolespighe.it|42.5463503|11.2216745|0564 886325
2478|053018AAT0031|Agriturismi|POGGIO CAMPANA|S.P. 56 San Donato, 10 - SAN DONATO|58010|Orbetello|GR|2|info@poggiocampana.it|www.poggiocampana.it|42.5463826|11.2193665|0564 878202 - 349 4690750
15287|053018AFR0038|Affittacamere|GARIBALDI|Via Del Cannone, 1 - - TALAMONE|58015|Orbetello|GR|0|marinadicarlo@alice.it||42.5528199|11.134567|393 2283540
1169|053018ALB0022|Alberghi - Hotel|IL TELAMONIO|Piazza Garibaldi, 4 - - TALAMONE|58010|Orbetello|GR|4|info@hoteliltelamonio.com|www.hoteliltelamonio.com|42.55339910000000003265085979364812374114990234375|11.133900499999999311739884433336555957794189453125|0564 887008
3096|053018STB0007|Stabilimenti Balneari|BAGNO DELLE DONNE|Cala di Forno, 5B - - TALAMONE|58015|Orbetello|GR|0|||42.5535097|11.1327465|0564 887327
1168|053018ALB0021|Alberghi - Hotel|CAPO D'UOMO|Via Cala di Forno, 7 - - TALAMONE|58010|Orbetello|GR|3|info@hotelcapoduomo.com|www.hotelcapoduomo.com|42.55421490000001|11.1320339|0564 887077
1451|053018AFR0023|Affittacamere|BACHIOCCHI NICE|SAN DONATO|58015|Orbetello|GR|0|||42.5549235|11.2340105|0564 878297
